{"662_bus.mtx": {"blackstart_539": {"normal_greedy": {"cost_sqr": 486.0763888888889, "cost_sqrt": 591.6822940145574, "cost_inv": 543.4166666666666}, "percentage_greedy": {"cost_sqr": 507.9688888888889, "cost_sqrt": 597.7032376965516, "cost_inv": 555.5666666666666}}, "blackstart_1": {"normal_greedy": {"cost_sqr": 485.46527777777777, "cost_sqrt": 591.5191573077409, "cost_inv": 543.0833333333334}, "percentage_greedy": {"cost_sqr": 509.19111111111107, "cost_sqrt": 598.0295111101847, "cost_inv": 556.2333333333333}}}, "powersim.mtx": {"blackstart_13893": {"normal_greedy": {"cost_sqr": 5195.586649659864, "cost_sqrt": 11161.315071599465, "cost_inv": 8248.20238095238}, "percentage_greedy": {"cost_sqr": 6376.07616213152, "cost_sqrt": 11539.696475931918, "cost_inv": 8966.111904761907}}, "blackstart_1": {"normal_greedy": {"cost_sqr": 5195.790946712017, "cost_sqrt": 11161.491314222316, "cost_inv": 8248.445238095237}, "percentage_greedy": {"cost_sqr": 6375.431812641723, "cost_sqrt": 11538.80987791375, "cost_inv": 8964.991666666667}}}, "bcspwr10.mtx": {"blackstart_1833": {"normal_greedy": {"cost_sqr": 3182.2413888888887, "cost_sqrt": 4458.813266862598, "cost_inv": 3874.6166666666663}, "percentage_greedy": {"cost_sqr": 3469.577222222222, "cost_sqrt": 4538.776087421341, "cost_inv": 4035.2333333333336}}, "blackstart_1": {"normal_greedy": {"cost_sqr": 3175.5191666666665, "cost_sqrt": 4457.018763087616, "cost_inv": 3870.95}, "percentage_greedy": {"cost_sqr": 3477.4836111111113, "cost_sqrt": 4540.893586096527, "cost_inv": 4039.55}}}, "power.mtx": {"blackstart_593": {"normal_greedy": {"cost_sqr": 3771.0036111111112, "cost_sqrt": 4475.045746252324, "cost_inv": 4152.483333333333}, "percentage_greedy": {"cost_sqr": 3947.181519274377, "cost_sqrt": 4525.08742203258, "cost_inv": 4252.142857142857}}, "blackstart_1": {"normal_greedy": {"cost_sqr": 3770.3925, "cost_sqrt": 4474.882609545508, "cost_inv": 4152.15}, "percentage_greedy": {"cost_sqr": 3946.3599829931977, "cost_sqrt": 4525.052946492637, "cost_inv": 4251.902380952381}}}, "1138_bus.mtx": {"blackstart_81": {"normal_greedy": {"cost_sqr": 903.6736111111111, "cost_sqrt": 1044.9913234854876, "cost_inv": 980.5833333333334}, "percentage_greedy": {"cost_sqr": 942.33, "cost_sqrt": 1055.7884265588202, "cost_inv": 1002.2333333333332}}, "blackstart_1": {"normal_greedy": {"cost_sqr": 901.8402777777778, "cost_sqrt": 1044.5019133650378, "cost_inv": 979.5833333333334}, "percentage_greedy": {"cost_sqr": 941.0175, "cost_sqrt": 1055.40974690238, "cost_inv": 1001.4833333333332}}}}