{"S80PI_n.mtx": {"blackstart_random_2610": {"normal_greedy": {"cost_sqr": 4168.25, "cost_sqrt": 4176.0208152801715, "cost_inv": 4172.5}, "percentage_greedy": {"cost_sqr": 4172.097222222223, "cost_sqrt": 4177.104448006685, "cost_inv": 4174.666666666667}}, "blackstart_highest_rank_4149": {"normal_greedy": {"cost_sqr": 4168.25, "cost_sqrt": 4176.0208152801715, "cost_inv": 4172.5}, "percentage_greedy": {"cost_sqr": 4170.173611111111, "cost_sqrt": 4176.562631643428, "cost_inv": 4173.583333333333}}, "blackstart_1": {"normal_greedy": {"cost_sqr": 4168.25, "cost_sqrt": 4176.0208152801715, "cost_inv": 4172.5}, "percentage_greedy": {"cost_sqr": 4172.097222222223, "cost_sqrt": 4177.104448006685, "cost_inv": 4174.666666666667}}}, "bcspwr06.mtx": {"blackstart_random_882": {"normal_greedy": {"cost_sqr": 1106.611111111111, "cost_sqrt": 1316.9715542258427, "cost_inv": 1221.3333333333333}, "percentage_greedy": {"cost_sqr": 1152.4741666666666, "cost_sqrt": 1329.635506574013, "cost_inv": 1246.85}}, "blackstart_highest_rank_598": {"normal_greedy": {"cost_sqr": 1106.611111111111, "cost_sqrt": 1316.9715542258427, "cost_inv": 1221.3333333333333}, "percentage_greedy": {"cost_sqr": 1150.3438888888888, "cost_sqrt": 1328.964313860452, "cost_inv": 1245.5666666666668}}, "blackstart_1": {"normal_greedy": {"cost_sqr": 1106.0, "cost_sqrt": 1316.808417519026, "cost_inv": 1221.0}, "percentage_greedy": {"cost_sqr": 1146.4705555555556, "cost_sqrt": 1327.8561172692487, "cost_inv": 1243.3666666666668}}}, "bcspwr07.mtx": {"blackstart_random_160": {"normal_greedy": {"cost_sqr": 1243.4166666666667, "cost_sqrt": 1466.99667692824, "cost_inv": 1365.5}, "percentage_greedy": {"cost_sqr": 1290.8108333333332, "cost_sqrt": 1480.1473999318937, "cost_inv": 1391.95}}, "blackstart_highest_rank_673": {"normal_greedy": {"cost_sqr": 1244.0277777777778, "cost_sqrt": 1467.1598136350567, "cost_inv": 1365.8333333333333}, "percentage_greedy": {"cost_sqr": 1294.4394444444442, "cost_sqrt": 1481.1229416593649, "cost_inv": 1393.9333333333332}}, "blackstart_1": {"normal_greedy": {"cost_sqr": 1243.4166666666667, "cost_sqrt": 1466.99667692824, "cost_inv": 1365.5}, "percentage_greedy": {"cost_sqr": 1291.2413888888889, "cost_sqrt": 1480.2057241530956, "cost_inv": 1392.1166666666668}}}, "S40PI_n.mtx": {"blackstart_highest_rank_2149": {"normal_greedy": {"cost_sqr": 2168.25, "cost_sqrt": 2176.0208152801715, "cost_inv": 2172.5}, "percentage_greedy": {"cost_sqr": 2170.1736111111113, "cost_sqrt": 2176.562631643428, "cost_inv": 2173.5833333333335}}, "blackstart_random_841": {"normal_greedy": {"cost_sqr": 2168.25, "cost_sqrt": 2176.0208152801715, "cost_inv": 2172.5}, "percentage_greedy": {"cost_sqr": 2171.3958333333335, "cost_sqrt": 2176.8889050570615, "cost_inv": 2174.25}}, "blackstart_1": {"normal_greedy": {"cost_sqr": 2168.25, "cost_sqrt": 2176.0208152801715, "cost_inv": 2172.5}, "percentage_greedy": {"cost_sqr": 2172.097222222222, "cost_sqrt": 2177.104448006685, "cost_inv": 2174.6666666666665}}}, "ACTIVSg10K.mtx": {"blackstart_random_7269": {"normal_greedy": {"cost_sqr": 3043.462278911564, "cost_sqrt": 12100.862371989995, "cost_inv": 7489.580952380952}, "percentage_greedy": {"cost_sqr": 3235.615589596737, "cost_sqrt": 12188.265035739989, "cost_inv": 7634.075527250527}}, "blackstart_highest_rank_1011": {"normal_greedy": {"cost_sqr": 3041.8620012912575, "cost_sqrt": 12099.51410579968, "cost_inv": 7487.705158730159}, "percentage_greedy": {"cost_sqr": 3233.112193279026, "cost_sqrt": 12187.81121369616, "cost_inv": 7632.9914252414255}}, "blackstart_1": {"normal_greedy": {"cost_sqr": 3043.053684807256, "cost_sqrt": 12100.509886744294, "cost_inv": 7489.095238095238}, "percentage_greedy": {"cost_sqr": 3235.360820510928, "cost_sqrt": 12188.633766466117, "cost_inv": 7634.446389721389}}}, "1138_bus.mtx": {"blackstart_random_671": {"normal_greedy": {"cost_sqr": 902.4513888888889, "cost_sqrt": 1044.6650500718542, "cost_inv": 979.9166666666666}, "percentage_greedy": {"cost_sqr": 939.1580555555556, "cost_sqrt": 1054.895772917241, "cost_inv": 1000.45}}, "blackstart_highest_rank_241": {"normal_greedy": {"cost_sqr": 901.8402777777778, "cost_sqrt": 1044.5019133650378, "cost_inv": 979.5833333333334}, "percentage_greedy": {"cost_sqr": 936.3161111111111, "cost_sqrt": 1053.9952161545918, "cost_inv": 998.7333333333333}}, "blackstart_1": {"normal_greedy": {"cost_sqr": 901.8402777777778, "cost_sqrt": 1044.5019133650378, "cost_inv": 979.5833333333334}, "percentage_greedy": {"cost_sqr": 941.0175, "cost_sqrt": 1055.40974690238, "cost_inv": 1001.4833333333332}}}, "ACTIVSg70K.mtx": {"blackstart_random_41639": {"normal_greedy": {"cost_sqr": 59649.19068594104, "cost_sqrt": 65914.10998175341, "cost_inv": 63058.29285714286}, "percentage_greedy": {"cost_sqr": 60348.446060090704, "cost_sqrt": 66109.17442342882, "cost_inv": 63449.607142857145}}, "blackstart_highest_rank_32360": {"normal_greedy": {"cost_sqr": 59653.83651927437, "cost_sqrt": 65915.24731409349, "cost_inv": 63060.70952380952}, "percentage_greedy": {"cost_sqr": 60358.66890731293, "cost_sqrt": 66112.77976096595, "cost_inv": 63456.19880952382}}, "blackstart_1": {"normal_greedy": {"cost_sqr": 59661.98068594104, "cost_sqrt": 65917.71171721128, "cost_inv": 63065.49285714285}, "percentage_greedy": {"cost_sqr": 60354.33933248299, "cost_sqrt": 66111.10256809334, "cost_inv": 63453.239285714284}}}, "bcspwr09.mtx": {"blackstart_highest_rank_1481": {"normal_greedy": {"cost_sqr": 1233.888888888889, "cost_sqrt": 1529.4173113345896, "cost_inv": 1394.6666666666667}, "percentage_greedy": {"cost_sqr": 1312.9655555555557, "cost_sqrt": 1551.6522283517322, "cost_inv": 1439.1333333333332}}, "blackstart_random_1121": {"normal_greedy": {"cost_sqr": 1234.5, "cost_sqrt": 1529.5804480414063, "cost_inv": 1395.0}, "percentage_greedy": {"cost_sqr": 1315.7711111111114, "cost_sqrt": 1552.5144001502274, "cost_inv": 1440.8}}, "blackstart_1": {"normal_greedy": {"cost_sqr": 1231.4444444444443, "cost_sqrt": 1528.7647645073237, "cost_inv": 1393.3333333333333}, "percentage_greedy": {"cost_sqr": 1311.8336111111114, "cost_sqrt": 1551.3783611809063, "cost_inv": 1438.55}}}, "power.mtx": {"blackstart_highest_rank_2554": {"normal_greedy": {"cost_sqr": 3770.3925, "cost_sqrt": 4474.882609545508, "cost_inv": 4152.15}, "percentage_greedy": {"cost_sqr": 3937.6917970521545, "cost_sqrt": 4522.434024972531, "cost_inv": 4246.82619047619}}, "blackstart_random_2922": {"normal_greedy": {"cost_sqr": 3769.1702777777778, "cost_sqrt": 4474.556336131875, "cost_inv": 4151.483333333333}, "percentage_greedy": {"cost_sqr": 3940.056519274377, "cost_sqrt": 4523.224051450361, "cost_inv": 4248.309523809524}}, "blackstart_1": {"normal_greedy": {"cost_sqr": 3770.3925, "cost_sqrt": 4474.882609545508, "cost_inv": 4152.15}, "percentage_greedy": {"cost_sqr": 3946.3599829931977, "cost_sqrt": 4525.052946492637, "cost_inv": 4251.902380952381}}}, "ACTIVSg2000.mtx": {"blackstart_highest_rank_1754": {"normal_greedy": {"cost_sqr": 551.334671201814, "cost_sqrt": 2344.4084715817544, "cost_inv": 1412.2238095238097}, "percentage_greedy": {"cost_sqr": 593.0001709426967, "cost_sqrt": 2368.1386951094937, "cost_inv": 1448.4735320235322}}, "blackstart_random_1117": {"normal_greedy": {"cost_sqr": 550.9260770975056, "cost_sqrt": 2344.0559863360563, "cost_inv": 1411.7380952380954}, "percentage_greedy": {"cost_sqr": 599.0272711253623, "cost_sqrt": 2370.492593333028, "cost_inv": 1452.6136113886114}}, "blackstart_1": {"normal_greedy": {"cost_sqr": 550.9260770975056, "cost_sqrt": 2344.0559863360563, "cost_inv": 1411.7380952380954}, "percentage_greedy": {"cost_sqr": 597.0397821378789, "cost_sqrt": 2369.682617253818, "cost_inv": 1451.1895132645134}}}, "bcspwr10.mtx": {"blackstart_highest_rank_4892": {"normal_greedy": {"cost_sqr": 3181.630277777778, "cost_sqrt": 4458.650130155782, "cost_inv": 3874.2833333333333}, "percentage_greedy": {"cost_sqr": 3479.7369444444444, "cost_sqrt": 4541.799606694469, "cost_inv": 4041.15}}, "blackstart_random_431": {"normal_greedy": {"cost_sqr": 3180.9288888888887,