{"bcspwr07.mtx": {"blackstart_1218": {"normal_greedy": {"cost_sqr": 1242.1944444444443, "cost_sqrt": 1466.6704035146072, "cost_inv": 1364.8333333333333}, "percentage_greedy": {"cost_sqr": 1292.7605555555556, "cost_sqrt": 1480.71378015984, "cost_inv": 1393.0666666666668}}, "blackstart_1": {"normal_greedy": {"cost_sqr": 1243.4166666666667, "cost_sqrt": 1466.99667692824, "cost_inv": 1365.5}, "percentage_greedy": {"cost_sqr": 1291.2413888888889, "cost_sqrt": 1480.2057241530956, "cost_inv": 1392.1166666666668}}}, "bcspwr09.mtx": {"blackstart_969": {"normal_greedy": {"cost_sqr": 1236.3333333333333, "cost_sqrt": 1530.0698581618558, "cost_inv": 1396.0}, "percentage_greedy": {"cost_sqr": 1315.4741666666666, "cost_sqrt": 1552.332617557116, "cost_inv": 1440.5166666666664}}, "blackstart_1": {"normal_greedy": {"cost_sqr": 1231.4444444444443, "cost_sqrt": 1528.7647645073237, "cost_inv": 1393.3333333333333}, "percentage_greedy": {"cost_sqr": 1311.8336111111114, "cost_sqrt": 1551.3783611809063, "cost_inv": 1438.55}}}, "bcspwr06.mtx": {"blackstart_845": {"normal_greedy": {"cost_sqr": 1105.388888888889, "cost_sqrt": 1316.6452808122096, "cost_inv": 1220.6666666666667}, "percentage_greedy": {"cost_sqr": 1153.8769444444442, "cost_sqrt": 1330.0665924732607, "cost_inv": 1247.6833333333332}}, "blackstart_1": {"normal_greedy": {"cost_sqr": 1106.0, "cost_sqrt": 1316.808417519026, "cost_inv": 1221.0}, "percentage_greedy": {"cost_sqr": 1146.4705555555556, "cost_sqrt": 1327.8561172692487, "cost_inv": 1243.3666666666668}}}, "1138_bus.mtx": {"blackstart_820": {"normal_greedy": {"cost_sqr": 902.4513888888889, "cost_sqrt": 1044.6650500718542, "cost_inv": 979.9166666666666}, "percentage_greedy": {"cost_sqr": 942.2397222222223, "cost_sqrt": 1055.736020316013, "cost_inv": 1002.15}}, "blackstart_1": {"normal_greedy": {"cost_sqr": 901.8402777777778, "cost_sqrt": 1044.5019133650378, "cost_inv": 979.5833333333334}, "percentage_greedy": {"cost_sqr": 941.0175, "cost_sqrt": 1055.40974690238, "cost_inv": 1001.4833333333332}}}, "power.mtx": {"blackstart_1273": {"normal_greedy": {"cost_sqr": 3769.1702777777778, "cost_sqrt": 4474.556336131875, "cost_inv": 4151.483333333333}, "percentage_greedy": {"cost_sqr": 3948.049427437642, "cost_sqrt": 4525.651993885532, "cost_inv": 4253.002380952382}}, "blackstart_1": {"normal_greedy": {"cost_sqr": 3770.3925, "cost_sqrt": 4474.882609545508, "cost_inv": 4152.15}, "percentage_greedy": {"cost_sqr": 3946.3599829931977, "cost_sqrt": 4525.052946492637, "cost_inv": 4251.902380952381}}}, "ACTIVSg2000.mtx": {"blackstart_570": {"normal_greedy": {"cost_sqr": 551.7432653061225, "cost_sqrt": 2344.7609568274534, "cost_inv": 1412.7095238095237}, "percentage_greedy": {"cost_sqr": 595.8813869290911, "cost_sqrt": 2369.359636665585, "cost_inv": 1450.561627261627}}, "blackstart_1": {"normal_greedy": {"cost_sqr": 550.9260770975056, "cost_sqrt": 2344.0559863360563, "cost_inv": 1411.7380952380954}, "percentage_greedy": {"cost_sqr": 597.0397821378789, "cost_sqrt": 2369.682617253818, "cost_inv": 1451.1895132645134}}}, "bcspwr10.mtx": {"blackstart_4075": {"normal_greedy": {"cost_sqr": 3184.6858333333334, "cost_sqrt": 4459.465813689864, "cost_inv": 3875.95}, "percentage_greedy": {"cost_sqr": 3470.395, "cost_sqrt": 4539.068600478461, "cost_inv": 4035.766666666667}}, "blackstart_1": {"normal_greedy": {"cost_sqr": 3175.5191666666665, "cost_sqrt": 4457.018763087616, "cost_inv": 3870.95}, "percentage_greedy": {"cost_sqr": 3477.4836111111113, "cost_sqrt": 4540.893586096527, "cost_inv": 4039.55}}}, "bcspwr08.mtx": {"blackstart_440": {"normal_greedy": {"cost_sqr": 1187.8333333333333, "cost_sqrt": 1452.1506413818615, "cost_inv": 1332.0}, "percentage_greedy": {"cost_sqr": 1252.5905555555557, "cost_sqrt": 1470.2619458349313, "cost_inv": 1368.3}}, "blackstart_1": {"normal_greedy": {"cost_sqr": 1189.0555555555557, "cost_sqrt": 1452.4769147954944, "cost_inv": 1332.6666666666667}, "percentage_greedy": {"cost_sqr": 1251.9430555555557, "cost_sqrt": 1470.0604241639612, "cost_inv": 1367.9166666666667}}}, "LeGresley_2508.mtx": {"blackstart_1452": {"normal_greedy": {"cost_sqr": 333.63274376417235, "cost_sqrt": 1441.9201375472667, "cost_inv": 857.104761904762}, "percentage_greedy": {"cost_sqr": 379.4129332921568, "cost_sqrt": 1472.2993361993572, "cost_inv": 901.6164141414141}}, "blackstart_1": {"normal_greedy": {"cost_sqr": 333.28594671201813, "cost_sqrt": 1441.642360952231, "cost_inv": 856.7119047619049}, "percentage_greedy": {"cost_sqr": 373.91285970793274, "cost_sqrt": 1470.2407766597498, "cost_inv": 897.968722943723}}}, "662_bus.mtx": {"blackstart_308": {"normal_greedy": {"cost_sqr": 485.46527777777777, "cost_sqrt": 591.5191573077409, "cost_inv": 543.0833333333334}, "percentage_greedy": {"cost_sqr": 510.0730555555555, "cost_sqrt": 598.3498665454231, "cost_inv": 556.8166666666666}}, "blackstart_1": {"normal_greedy": {"cost_sqr": 485.46527777777777, "cost_sqrt": 591.5191573077409, "cost_inv": 543.0833333333334}, "percentage_greedy": {"cost_sqr": 509.19111111111107, "cost_sqrt": 598.0295111101847, "cost_inv": 556.2333333333333}}}, "powersim.mtx": {"blackstart_11721": {"normal_greedy": {"cost_sqr": 5195.382352607709, "cost_sqrt": 11161.138828976615, "cost_inv": 8247.959523809523}, "percentage_greedy": {"cost_sqr": 6373.259226190477, "cost_sqrt": 11538.414148794905, "cost_inv": 8964.002380952385}}, "blackstart_1": {"normal_greedy": {"cost_sqr": 5195.790946712017, "cost_sqrt": 11161.491314222316, "cost_inv": 8248.445238095237}, "percentage_greedy": {"cost_sqr": 6375.431812641723, "cost_sqrt": 11538.80987791375, "cost_inv": 8964.991666666667}}}, "LeGresley_4908.mtx": {"blackstart_1306": {"normal_greedy": {"cost_sqr": 849.1344444444445, "cost_sqrt": 3088.2118808689074, "cost_inv": 1976.5333333333335}, "percentage_greedy": {"cost_sqr": 956.476122602669, "cost_sqrt": 3129.5074829883765, "cost_inv": 2049.485292485292}}, "blackstart_1": {"normal_greedy": {"cost_sqr": 849.1344444444445, "cost_sqrt": 3088.2118808689074, "cost_inv": 1976.5333333333335}, "percentage_greedy": {"cost_sqr": 970.5309927911024, "cost_sqrt": 3134.7010819880425, "cost_inv": 2058.8083444333442}}}}