{"1138_bus.mtx": {"blackstart_214": {"normal_greedy": 979.9166666666666, "percentage_greedy": 1002.7333333333332}, "blackstart_1": {"normal_greedy": 979.5833333333334, "percentage_greedy": 1001.4833333333332}}}