{"1138_bus.mtx": {"blackstart_946": {"normal_greedy": {"cost_sqr": 901.2291666666666, "cost_sqrt": 1044.3387766582211, "cost_inv": 979.25}, "percentage_greedy": {"cost_sqr": 940.406388888889, "cost_sqrt": 1055.2466101955633, "cost_inv": 1001.15}}, "blackstart_1": {"normal_greedy": {"cost_sqr": 901.8402777777778, "cost_sqrt": 1044.5019133650378, "cost_inv": 979.5833333333334}, "percentage_greedy": {"cost_sqr": 941.0175, "cost_sqrt": 1055.40974690238, "cost_inv": 1001.4833333333332}}}}